{
  "years": [
    2024,
    2025,
    2026,
    2027,
    2028,
    2029,
    2030,
    2031,
    2032,
    2033,
    2034,
    2035,
    2036,
    2037,
    2038,
    2039
  ],
  "resilience_index": [
    50.0509796,
    49.4443762551995,
    48.95126764161051,
    48.749710187852614,
    49.28858476832846,
    51.69877009258113,
    58.82855528709627,
    77.85100459945846,
    126.82979426351719,
    251.25322943889267,
    565.6700200833033,
    1358.5360237867396,
    3356.2381344979553,
    8387.95626930685,
    21059.91134433574,
    52971.437692825806
  ],
  "sustainability_index": [
    50.403,
    48.7907,
    47.368579999999994,
    46.24550825,
    45.63084858125,
    45.924800518906245,
    47.890050081385155,
    52.97791068262052,
    63.94799503698397,
    86.04559578498066,
    129.23871251231859,
    212.46840674810818,
    371.7244799626007,
    675.3892651103778,
    1253.3908337630446,
    2352.5940927216407
  ],
  "development_index": [
    21.2,
    22.654000000000003,
    24.12524,
    25.615734400000004,
    27.127544264000004,
    28.66278055384001,
    30.22360747237041,
    31.812245922186435,
    33.430977086429316,
    35.08214613844083,
    36.768166087356896,
    38.491521767041846,
    40.25477397609688,
    42.0605637770274,
    43.91161696302293,
    45.81074870119228
  ],
  "climate_data": {
    "years": [
      2024,
      2025,
      2026,
      2027,
      2028,
      2029,
      2030,
      2031,
      2032,
      2033,
      2034,
      2035,
      2036,
      2037,
      2038,
      2039
    ],
    "sea_level": [
      0.0,
      0.5,
      1.0,
      1.5,
      2.0,
      2.5,
      3.0,
      3.5,
      4.0,
      4.5,
      5.0,
      5.5,
      6.0,
      6.5,
      7.0,
      7.5
    ],
    "temperature": [
      0.0,
      0.03,
      0.06,
      0.09,
      0.12,
      0.15,
      0.18,
      0.21,
      0.24,
      0.27,
      0.30000000000000004,
      0.33000000000000007,
      0.3600000000000001,
      0.3900000000000001,
      0.42000000000000015,
      0.4500000000000002
    ],
    "rainfall": [
      100.0,
      102.0,
      104.04,
      106.1208,
      108.243216,
      110.40808032000001,
      112.61624192640001,
      114.868566764928,
      117.16593810022657,
      119.5092568622311,
      121.89944199947573,
      124.33743083946524,
      126.82417945625456,
      129.36066304537965,
      131.94787630628724,
      134.586833832413
    ],
    "cyclone_frequency": [
      100.0,
      105.0,
      110.25,
      115.7625,
      121.55062500000001,
      127.62815625000002,
      134.00956406250003,
      140.71004226562505,
      147.74554437890632,
      155.13282159785163,
      162.8894626777442,
      171.03393581163144,
      179.58563260221302,
      188.56491423232367,
      197.99315994393987,
      207.89281794113688
    ],
    "storm_surge_intensity": [
      100.0,
      103.0,
      106.09,
      109.2727,
      112.550881,
      115.92740743,
      119.4052296529,
      122.987386542487,
      126.67700813876162,
      130.47731838292447,
      134.39163793441222,
      138.4233870724446,
      142.57608868461793,
      146.85337134515646,
      151.25897248551115,
      155.7967416600765
    ],
    "overall_impact": [
      387.3333333333333,
      389.25499999999994,
      391.24,
      393.29099999999994,
      395.41078699999997,
      397.602274,
      399.86850594029994,
      402.21266592883995,
      404.6380817696491,
      407.14823280716786,
      409.7467571019387,
      412.43745895392357,
      415.2243167905142,
      418.11149143714334,
      421.10333478928965,
      424.20439890560436
    ]
  },
  "environment_data": {
    "years": [
      2024,
      2025,
      2026,
      2027,
      2028,
      2029,
      2030,
      2031,
      2032,
      2033,
      2034,
      2035,
      2036,
      2037,
      2038,
      2039
    ],
    "mangrove_coverage": [
      100.0,
      98.72,
      97.45664,
      96.20970367999999,
      94.97897753215999,
      93.7642508242419,
      92.56531556352675,
      91.3819664612009,
      90.21400089720528,
      89.0612188855416,
      87.92342304002956,
      86.80041854050917,
      85.69201309948255,
      84.59801692918927,
      83.5182427091098,
      82.45250555389137
    ],
    "salinity_levels": [
      100.0,
      103.0,
      106.09,
      109.2727,
      112.550881,
      115.92740743,
      119.4052296529,
      122.987386542487,
      126.67700813876162,
      130.47731838292447,
      134.39163793441222,
      138.4233870724446,
      142.57608868461793,
      146.85337134515646,
      151.25897248551115,
      155.7967416600765
    ],
    "biodiversity_index": [
      100.0,
      97.5,
      95.0625,
      92.6859375,
      90.3687890625,
      88.1095693359375,
      85.90683010253906,
      83.75915934997558,
      81.66518036622618,
      79.62355085707053,
      77.63296208564377,
      75.69213803350267,
      73.7998345826651,
      71.95483871809847,
      70.155967750146,
      68.40206855639235
    ],
    "water_quality_index": [
      100.0,
      95.5,
      91.2025,
      87.0983875,
      83.1789600625,
      79.43590685968749,
      75.86129105100156,
      72.44753295370649,
      69.18739397078969,
      66.07396124210415,
      63.100632986209455,
      60.261104501830026,
      57.54935479924767,
      54.95963383328153,
      52.48645031078386,
      50.124560046798585
    ],
    "carbon_sequestration": [
      0.0,
      49.36,
      98.08832,
      146.19317184,
      193.68266060608,
      240.56478601820095,
      286.8474437999643,
      332.5384270305648,
      377.64542747916744,
      422.17603692193825,
      466.137748441953,
      509.53795771220763,
      552.3839642619489,
      594.6829727265435,
      636.4420940810984,
      677.6683468580441
    ],
    "overall_health": [
      404.0,
      411.5133333333333,
      418.98332666666664,
      426.40998342000006,
      433.7933780438734,
      441.1336534113446,
      448.4310183616553,
      455.6857453896558,
      462.8981684753583,
      470.06868104826316,
      477.1977340813747,
      484.2858343100824,
      491.333542571327,
      498.3414722587116,
      505.3102878894415,
      512.2407037792005
    ]
  },
  "blue_economy_data": {
    "years": [
      2024,
      2025,
      2026,
      2027,
      2028,
      2029,
      2030,
      2031,
      2032,
      2033,
      2034,
      2035,
      2036,
      2037,
      2038,
      2039
    ],
    "fisheries_value": [
      1.0,
      0.735,
      0.540225,
      0.397065375,
      0.291843050625,
      0.21450464220937498,
      0.1576609120238906,
      0.11588077033755959,
      0.0851723661981063,
      0.06260168915560813,
      0.04601224152937198,
      0.03381899752408841,
      0.02485696318020498,
      0.01826986793745066,
      0.013428352934026234,
      0.009869839406509283
    ],
    "aquaculture_value": [
      0.5,
      0.43200000000000005,
      0.3732480000000001,
      0.32248627200000013,
      0.27862813900800015,
      0.24073471210291217,
      0.20799479125691614,
      0.17970749964597557,
      0.1552672796941229,
      0.1341509296557222,
      0.115906403222544,
      0.10014313238427804,
      0.08652366638001624,
      0.07475644775233403,
      0.06458957085801662,
      0.055805389221326364
    ],
    "tourism_value": [
      0.3,
      0.33,
      0.36300000000000004,
      0.3993000000000001,
      0.4392300000000001,
      0.48315300000000017,
      0.5314683000000002,
      0.5846151300000003,
      0.6430766430000004,
      0.7073843073000006,
      0.7781227380300006,
      0.8559350118330008,
      0.9415285130163009,
      1.035681364317931,
      1.1392495007497243,
      1.253174450824697
    ],